Country / Region,Population (thousands),"Mean protein intake (g/day, Total)","Mean protein intake (g/day, Female)","Mean protein intake (g/day, Male)","Mean protein intake (% RDA, Total)","Mean protein intake (% RDA, Female)","Mean protein intake (% RDA, Male)"
World,7575436,75.2,65.8,84.5,167.1,155.8,178.2
East Asia & Pacific,2307038,82.2,73.2,91.1,181,173.7,188
Europe & Central Asia,912942,99.1,81.6,117.8,182.6,162.8,203.6
Latin America & Caribbean,624656,89,78.1,100.3,187.1,173.8,200.8
Middle East & North Africa,460509,92.5,78.8,105.1,191.6,172.1,209.6
North America,369802,95.5,82.5,108.4,163.5,152.3,174.6
South Asia,1828298,48.3,42.9,53.5,129.4,122,136.5
Sub-Saharan Africa,1072189,62.9,55.7,70.2,167.3,151.7,183
Afghanistan,35957,62.7,55.4,69.9,175.8,163.6,187.6
Albania,2861,82.3,69.7,95.1,156.6,143.9,169.6
Algeria,41899,82.7,70.8,94.1,173,152.8,192.3
Angola,30630,44.3,39.7,49.1,121.5,111.5,131.8
Antigua & Barbuda,90,117.7,104.1,132.8,222.3,203,243.6
Argentina,44152,92,77.9,106.4,186.6,171.4,202.1
Armenia,2871,121.8,106.6,139.6,244.9,221.3,272.6
Australia,25005,92.9,78.2,107.8,164.2,151.2,177.5
Austria,8776,77.2,64.3,90.5,139.3,130.8,148.1
Azerbaijan,9939,129.4,111.9,147.8,264.8,240.9,289.8
Bahamas,389,83.7,74.3,93.9,159.7,145.3,175.4
Bahrain,1472,105.9,82.1,120,190.2,168.5,203.1
Bangladesh,160973,49.4,44.8,54.1,134.2,125.8,142.8
Barbados,278,70.9,63.5,79,130.7,118,144.5
Belarus,9376,94.3,81.4,109.2,170.7,154.6,189.2
Belgium,11339,107.5,92.5,123,195.1,183.4,207.1
Belize,375,77.5,68.7,86.2,166.4,152.6,179.9
Benin,12119,55.1,48.8,61.4,144.9,132.5,157.2
Bhutan,753,63.5,55.7,70.1,151.6,139.7,161.8
Bolivia,11338,64.6,56.3,72.8,151.2,139.2,163.1
Bosnia & Herzegovina,3338,109.4,92.1,128.6,187.4,172,204.4
Botswana,2258,101.9,90.1,113.9,237.6,212.2,263.3
Brazil,203931,112.2,96.8,127.9,225.9,206.6,245.7
Brunei,434,94.6,81.5,106.1,195.9,183.9,206.4
Bulgaria,6938,76.9,64.8,89.8,137.3,127.2,148
Burkina Faso,20003,90.5,83.7,97.4,247.3,237.8,256.8
Burundi,11642,64.7,56.3,73.2,189.6,179.7,199.7
Cambodia,16004,70.7,63.5,78.2,189.3,179.4,199.7
Cameroon,24278,78.7,71.8,85.6,198,186.2,209.9
Canada,37171,105.6,91.1,120.2,185.2,174.6,196
Cape Verde,504,94.6,82.8,106.1,203.3,184.6,221.5
Central African Republic,4728,79,71.7,86.6,222.3,203.2,242.3
Chad,15756,57.5,51.1,63.8,160.8,149.6,172
Chile,18840,103.7,92,115.4,196.8,186.6,207.1
China,1406343,84.3,74.3,93.8,176.3,168.9,183.3
Colombia,48792,52.4,46.8,58,113.7,107.3,120.2
Comoros,756,67.4,59.8,74.9,170.5,154.5,186.3
Congo - Brazzaville,5376,95.7,85.3,106.1,253.9,233,274.9
Congo - Kinshasa,87795,34.4,29.3,39.5,99.1,86.2,112.3
Costa Rica,4913,77.7,67.9,87.7,160.1,147.1,173.3
Croatia,3968,115.1,96.9,134.7,194.2,178,211.7
Cuba,11104,97.4,85.9,109,199.5,185.8,213.6
Cyprus,1265,99,82.6,115.1,183.4,171.4,195.2
Czechia,10439,66.7,55.9,77.9,113.9,104.9,123.2
Côte d’Ivoire,26907,78.2,68.7,87.4,202.1,186.2,217.2
Denmark,5745,110.5,92.9,128.2,198.1,184.4,212
Djibouti,1057,98.1,86.3,110.1,231.1,209.5,253
Dominica,67,73.5,65.6,81.3,137.9,124.2,151.6
Dominican Republic,10631,87.3,77.4,97.3,189.8,175.6,204.2
Ecuador,16910,28.6,24.6,32.6,65,59,71
Egypt,104191,84.2,73.4,94.8,169.3,149.2,189
El Salvador,6120,86.8,76.4,98.3,191.3,175.4,208.9
Equatorial Guinea,1593,70,61.5,77.6,172.8,155,188.6
Eritrea,3128,70.1,62.2,78.2,193.6,180.1,207.6
Estonia,1310,98.3,83.7,114.8,171.9,157.8,187.7
Eswatini,1145,48.1,43.4,53,110.2,98.1,122.7
Ethiopia,110537,72.1,60.3,83.8,209.9,181.7,237.9
Fiji,899,73.7,65.9,81.5,147.4,136.3,158.5
Finland,5471,109.3,92.8,126.3,192.6,178.2,207.4
France,64964,114,74.2,156.3,213,155.4,274.4
Gabon,2174,63,55.5,70.2,148.4,134.3,162
Gambia,2353,32.4,29.3,35.5,84.5,76.9,92.2
Georgia,3743,126.9,109.7,146.6,241.3,218.4,267.6
Germany,82695,118.4,101.1,136.2,201.7,190.4,213.2
Ghana,30106,75.3,68.2,82.4,184.9,170,199.9
Greece,10634,114.6,96.2,134.3,200.5,185.8,216.2
Grenada,114,70,62.3,77.5,135.7,122.9,148.2
Guatemala,16578,54.8,51.8,57.9,143.1,140.8,145.5
Guinea,12430,61.1,54.5,68,163.3,150.3,176.7
Guinea-Bissau,1885,37.1,32.9,41.3,96.2,88,104.6
Guyana,795,86.6,76.8,96.8,198.7,180.9,217.1
Haiti,10780,84.4,72.9,96,201.1,194.3,208
Honduras,9629,65,57,72.8,155.6,144.7,166.4
Hungary,9679,74.3,61.9,87.8,129.9,119.6,141.1
Iceland,353,117.8,97.9,136.7,207.1,191,222.6
India,1358101,48.1,42.5,53.4,128.4,121,135.4
Indonesia,266686,79.4,74.9,83.9,199.6,195.2,203.9
Iran,85202,87.8,77.8,97.4,176.3,165.2,187.1
Iraq,39650,100.5,85.7,115.3,214.7,192,237.3
Ireland,4843,87.6,73.6,101.9,157.7,145,170.6
Israel,8408,82,68.9,95.3,165.4,150.4,180.6
Italy,59785,103.2,78.4,129.4,189.8,160.2,220.9
Jamaica,2788,123.5,110.7,136.6,245.1,218.9,271.8
Japan,125913,79.7,72,87.8,174.5,175.6,173.4
Jordan,10346,101,84.6,116.3,202.9,181.9,222.4
Kazakhstan,18657,108.6,93.8,124.4,232,212.5,253
Kenya,49286,60.1,51.9,68.3,151.5,133.8,169.4
Kiribati,120,77.5,69.8,85.9,159.2,147.7,171.7
Kuwait,4365,72.2,57.8,81.1,124.2,111.6,131.9
Kyrgyzstan,6241,89.5,78.2,100.9,204.8,186.7,223.2
Laos,7020,100.9,89.5,112.2,271.3,253.7,288.6
Latvia,1901,103.5,88.6,120.9,179.5,162.8,199.1
Lebanon,5797,159.7,110.1,211.6,300.6,227.9,376.8
Lesotho,2140,64.2,58,70.8,161.3,143.5,180.2
Liberia,4838,68.8,61.9,75.8,184.1,166.7,201.7
Libya,6768,66.5,56.6,75.9,129.8,115.5,143.5
Lithuania,2767,120.5,102,141.9,209.5,191.1,230.9
Luxembourg,608,118.7,99.3,137.9,212.9,196.9,228.7
Madagascar,26962,29.4,25.5,33.2,83.4,78.4,88.4
Malawi,18176,73.4,65.9,81.2,205.6,186.9,225.3
Malaysia,32675,74.5,66.7,81.6,163.2,156.3,169.5
Maldives,474,109.7,91.8,121,250.3,232.2,261.9
Mali,19932,77,67.8,86.2,202.3,187.5,216.9
Malta,489,103.2,85.6,120.1,188.8,176,201.1
Marshall Islands,44,93.1,83.9,101.8,206,191.7,219.5
Mauritania,4248,60,54.6,65.6,154.5,136.9,173
Mauritius,1275,93,79.2,106.7,181.7,165.6,197.6
Mexico,123071,80.6,73,88.6,172.9,164.1,182.1
Micronesia (Federated States of),108,79.2,71.2,87.2,163.8,152.3,175.5
Moldova,3094,57.6,50,66.5,109.8,99.7,121.6
Mongolia,3126,101.7,88.7,114.8,231.9,209.4,254.4
Montenegro,606,173.5,147.3,201.7,304,280.1,329.7
Morocco,35374,81.4,69.3,93.3,170.8,150.1,191.2
Mozambique,28350,53,45.8,60.7,147.1,130.1,165.4
Myanmar (Burma),51544,81.4,72.9,90,209.6,195.1,224.1
Namibia,2536,67.3,59.9,75.1,167.7,152.6,183.5
Nepal,27554,53.1,48.2,58.5,144.7,137,153.1
Netherlands,17302,130.5,113.4,147.9,227.3,215.9,238.9
New Zealand,4883,141.4,120.2,163,244.2,222.9,265.9
Nicaragua,6308,77.2,68.5,86.2,180.6,167.7,193.9
Niger,21638,73.3,65.1,81.1,213.3,196.7,229.4
Nigeria,200330,54.8,48.6,60.8,149,136.4,161.4
North Macedonia,1888,108.5,90,128,203.3,187.5,219.8
Norway,5273,121.6,101.4,141.5,217.6,200.9,234.2
Oman,4528,99.5,75.2,112.8,196,174.5,207.8
Pakistan,222488,44,39.7,48.1,119.7,113.5,125.7
Palestinian Territories,4759,321.8,284.5,359.6,693.7,639.1,749.3
Panama,4126,91.1,81,101.2,202.1,187.1,217.1
Papua New Guinea,9256,79.6,72.4,86.4,189.7,179.1,199.6
Paraguay,6333,92.8,81.2,104.3,201.8,187.2,216.4
Peru,31699,88.8,78.3,99.3,201.2,187.6,214.8
Philippines,107874,78.2,69.4,87,206.2,193.5,219
Poland,37855,103.7,73,136.4,180.8,141.4,222.6
Portugal,10237,102.1,90.2,115.2,191.6,183.8,200.3
Qatar,2752,111.6,81.3,122.2,183.4,159.9,191.5
Romania,19349,99.6,85.9,114.2,178.3,164,193.6
Russia,144900,95.5,82.2,110.9,176.4,159.5,195.9
Rwanda,12256,74,66.9,81.6,205.2,186.3,225.3
Samoa,203,101.8,92.3,111.1,199.8,184.2,215
Saudi Arabia,29560,116.7,95.5,129.9,228.1,210.9,238.8
Senegal,15639,60.4,53.3,67.3,154.6,139.2,169.7
Serbia,6928,132.4,116,150.4,229.3,219.5,240.1
Seychelles,115,84,71.4,94.6,159,142.6,172.6
Sierra Leone,7405,80.8,72.3,89.4,216.6,197.2,236.1
Singapore,5611,99.2,85.4,112.1,200.4,192.8,207.5
Slovakia,5388,81,67.8,94.9,141.7,130.9,153
Slovenia,2057,95.1,80.2,110.1,163.6,148.6,178.6
Solomon Islands,700,92.9,84.1,101.4,229.3,213.8,244
South Africa,57950,106.4,98.6,114.7,225,204.3,247.2
South Korea,51388,82.2,71.5,93,165,159,170.9
South Sudan,10007,63.8,56.7,71.2,165.2,151.2,179.6
Spain,46862,101.3,84.4,118.8,183.7,170.7,197.2
Sri Lanka,21998,62.7,56.6,69.3,154.3,145,164.3
St. Lucia,175,63.9,56.4,71.4,113.9,104.5,123.4
St. Vincent & Grenadines,103,101.4,89,113.2,196.4,180.2,211.8
Sudan,43422,73.3,64.9,81.9,188.2,172.6,204.2
Suriname,592,84,74.4,93.5,179.5,164.9,194.1
Sweden,10114,96.2,81.4,110.8,174,162.4,185.4
Switzerland,8460,79.6,63,96.5,145.1,129.9,160.5
Syria,19584,77.4,66.6,88.2,162.5,145.6,179.5
São Tomé & Príncipe,206,62.2,55.1,69.3,151.6,138.5,164.9
Taiwan,23498,101.2,88.3,114.4,204.9,197.2,212.6
Tajikistan,9151,83.2,72.8,94.1,206.2,189.7,223.5
Tanzania,56218,48,42.8,53.3,130.9,119.9,142.1
Thailand,70794,52.8,47.5,58.4,112.9,106.6,119.5
Timor-Leste,1255,89.4,80.3,98.3,271.8,255,288.3
Togo,8095,80.2,71.1,89.2,205.8,188.4,223.1
Tonga,103,91.8,84,100,166.4,153.5,179.9
Trinidad & Tobago,1474,42.3,36.9,47.7,79.8,72.8,86.9
Tunisia,11620,89.3,78.9,99.9,177.4,163,192
Turkey,83603,82.1,68,96.2,155.1,136.5,173.6
Turkmenistan,6563,96.1,83.2,109.6,212.2,194.3,230.9
Uganda,40741,61.7,55.5,68.1,172.1,156.6,188
Ukraine,44714,78.8,66.7,92.7,141.2,128.8,155.5
United Arab Emirates,9297,102.4,77.9,115.8,175,152.2,187.4
United Kingdom,66201,85.8,73.8,98.3,153.8,143.3,164.8
United States,332631,94.4,81.6,107.1,161,149.7,172.2
Uruguay,3357,107.5,94.1,121.8,210.5,194.8,227.2
Uzbekistan,31893,104.6,90.7,118.4,225.2,205.5,244.7
Vanuatu,280,92.5,84,100.8,217.4,205.6,229
Venezuela,28801,83.6,72.6,94.8,185.4,171.3,199.7
Vietnam,95272,81.4,72.3,90.8,209.5,197.5,222
Yemen,33392,90.3,77.8,102.5,245.4,222,268.1
Zambia,17625,65.8,58.3,73.5,176.7,161.3,192.4
Zimbabwe,14694,59.1,53.8,65.1,153.9,138.7,170.7
